{
  "t0_est": 1.447130653211009,
  "t0_rel": -0.026130278336937266,
  "rp": 0.06857525495137623,
  "a": 9.224708890816629,
  "inc": 86.78853538062774
}