N,std,rms,mad,chi2_red,ptp_rms,beta
1155112,0.010985029481932975,0.011001159187501204,0.011158733773176648,1.0029388264277452,0.00829885894024254,5.789616576636757
