N,std,rms,mad,chi2_red,ptp_rms,beta
1153081,0.010953150663988507,0.010969356426690603,0.011141367229718944,1.0029612943049717,0.008199914953301395,5.806027979964497
