N,std,rms,mad,chi2_red,ptp_rms,beta
1153089,0.011064560140607393,0.011084199434206543,0.011257635938466947,1.0035530961837795,0.008242819160068937,5.815399434317446
